<?xml version="1.0" encoding="UTF-8"?>
<!--
  Default Logback configuration for CBQ Logger.
  
  Users can override this by providing their own logback.xml or logback-spring.xml.
  
  To use JSON output for Splunk/ELK, use logback-json.xml instead.
-->
<configuration>
    
    <!-- Property for log level, can be overridden by environment variable -->
    <property name="LOG_LEVEL" value="${LOG_LEVEL:-INFO}" />
    <property name="LOG_PATH" value="${LOG_PATH:-logs}" />
    <property name="APP_NAME" value="${APP_NAME:-application}" />
    
    <!-- Console appender with pretty output for development -->
    <appender name="CONSOLE" class="ch.qos.logback.core.ConsoleAppender">
        <encoder class="com.cbq.logging.encoder.CbqPrettyEncoder">
            <colorEnabled>true</colorEnabled>
            <timestampPattern>HH:mm:ss.SSS</timestampPattern>
            <showThread>true</showThread>
            <showLogger>true</showLogger>
            <maskSensitiveFields>true</maskSensitiveFields>
        </encoder>
    </appender>
    
    <!-- JSON appender for production/Splunk -->
    <appender name="CONSOLE_JSON" class="ch.qos.logback.core.ConsoleAppender">
        <encoder class="com.cbq.logging.encoder.CbqJsonEncoder">
            <prettyPrint>false</prettyPrint>
            <includeContext>true</includeContext>
            <includeMdc>true</includeMdc>
            <includeCallerData>false</includeCallerData>
            <maskSensitiveFields>true</maskSensitiveFields>
        </encoder>
    </appender>
    
    <!-- File appender with JSON for production -->
    <appender name="FILE_JSON" class="ch.qos.logback.core.rolling.RollingFileAppender">
        <file>${LOG_PATH}/${APP_NAME}.log</file>
        <rollingPolicy class="ch.qos.logback.core.rolling.TimeBasedRollingPolicy">
            <fileNamePattern>${LOG_PATH}/${APP_NAME}.%d{yyyy-MM-dd}.%i.log.gz</fileNamePattern>
            <timeBasedFileNamingAndTriggeringPolicy class="ch.qos.logback.core.rolling.SizeAndTimeBasedFNATP">
                <maxFileSize>100MB</maxFileSize>
            </timeBasedFileNamingAndTriggeringPolicy>
            <maxHistory>30</maxHistory>
            <totalSizeCap>3GB</totalSizeCap>
        </rollingPolicy>
        <encoder class="com.cbq.logging.encoder.CbqJsonEncoder">
            <prettyPrint>false</prettyPrint>
            <includeContext>true</includeContext>
            <includeMdc>true</includeMdc>
            <maskSensitiveFields>true</maskSensitiveFields>
        </encoder>
    </appender>
    
    <!-- Async wrapper for file appender -->
    <appender name="ASYNC_FILE" class="ch.qos.logback.classic.AsyncAppender">
        <queueSize>1024</queueSize>
        <discardingThreshold>0</discardingThreshold>
        <includeCallerData>false</includeCallerData>
        <appender-ref ref="FILE_JSON" />
    </appender>
    
    <!-- Filter noisy loggers -->
    <logger name="org.hibernate.SQL" level="WARN" />
    <logger name="org.hibernate.type.descriptor.sql" level="WARN" />
    <logger name="org.apache.http" level="WARN" />
    <logger name="org.springframework.web.servlet.mvc" level="WARN" />
    
    <!-- Root logger configuration -->
    <root level="${LOG_LEVEL}">
        <appender-ref ref="CONSOLE" />
    </root>
    
</configuration>
